{
  "collapse-filter": true,
  "search": "",
  "showTags": false,
  "showAttachments": false,
  "hideUnresolved": false,
  "showOrphans": true,
  "collapse-color-groups": true,
  "colorGroups": [
    {
      "query": "path:Attachment",
      "color": {
        "a": 1,
        "rgb": 14701138
      }
    },
    {
      "query": "path:PriceTable",
      "color": {
        "a": 1,
        "rgb": 14725458
      }
    },
    {
      "query": "path:\"Promotion API\"",
      "color": {
        "a": 1,
        "rgb": 11657298
      }
    },
    {
      "query": "path:\"SKU Service\"",
      "color": {
        "a": 1,
        "rgb": 5431378
      }
    }
  ],
  "collapse-display": true,
  "showArrow": false,
  "textFadeMultiplier": 0,
  "nodeSizeMultiplier": 1,
  "lineSizeMultiplier": 1,
  "collapse-forces": true,
  "centerStrength": 0.518713248970312,
  "repelStrength": 10,
  "linkStrength": 1,
  "linkDistance": 250,
  "scale": 0.8360386601669934,
  "close": true
}