{
  "main": {
    "id": "ed45cd87815a9a04",
    "type": "split",
    "children": [
      {
        "id": "8a28579fb02fb178",
        "type": "tabs",
        "dimension": 59.34237995824635,
        "children": [
          {
            "id": "4af2c398de42a272",
            "type": "leaf",
            "state": {
              "type": "markdown",
              "state": {
                "file": "2022-11-17.md",
                "mode": "source",
                "source": false
              }
            }
          },
          {
            "id": "ed6aecb1e68489b5",
            "type": "leaf",
            "state": {
              "type": "empty",
              "state": {}
            }
          }
        ]
      },
      {
        "id": "8d97ec5ea0948b35",
        "type": "tabs",
        "dimension": 40.65762004175365,
        "children": [
          {
            "id": "615da10d45cd7034",
            "type": "leaf",
            "state": {
              "type": "markdown",
              "state": {
                "file": "Promotion API/Properties_Table_Promotion.md",
                "mode": "source",
                "source": false
              }
            }
          }
        ]
      }
    ],
    "direction": "vertical"
  },
  "left": {
    "id": "6590088752cb5fd3",
    "type": "split",
    "children": [
      {
        "id": "576fb5adc052a2f5",
        "type": "tabs",
        "children": [
          {
            "id": "da52362bd0029955",
            "type": "leaf",
            "state": {
              "type": "file-explorer",
              "state": {
                "sortOrder": "alphabetical"
              }
            }
          },
          {
            "id": "3258ddceae68cf34",
            "type": "leaf",
            "state": {
              "type": "search",
              "state": {
                "query": "tag:#name",
                "matchingCase": false,
                "explainSearch": false,
                "collapseAll": false,
                "extraContext": false,
                "sortOrder": "alphabetical"
              }
            }
          },
          {
            "id": "ca07a4fe0e4d817e",
            "type": "leaf",
            "state": {
              "type": "starred",
              "state": {}
            }
          }
        ]
      }
    ],
    "direction": "horizontal",
    "width": 300
  },
  "right": {
    "id": "ab0f18a89ebc7ed1",
    "type": "split",
    "children": [
      {
        "id": "c9c9c0bf820a53fa",
        "type": "tabs",
        "children": [
          {
            "id": "403ef54c477f618b",
            "type": "leaf",
            "state": {
              "type": "tag",
              "state": {
                "sortOrder": "frequency",
                "useHierarchy": true
              }
            }
          },
          {
            "id": "b085a53d60af15ae",
            "type": "leaf",
            "state": {
              "type": "backlink",
              "state": {
                "file": "Promotion API/Properties_Table_Promotion.md",
                "collapseAll": false,
                "extraContext": false,
                "sortOrder": "alphabetical",
                "showSearch": false,
                "searchQuery": "",
                "backlinkCollapsed": false,
                "unlinkedCollapsed": true
              }
            }
          },
          {
            "id": "c5401f6b654c0b72",
            "type": "leaf",
            "state": {
              "type": "outgoing-link",
              "state": {
                "file": "Promotion API/Properties_Table_Promotion.md",
                "linksCollapsed": false,
                "unlinkedCollapsed": true
              }
            }
          },
          {
            "id": "7ccafb0cf7ea0e23",
            "type": "leaf",
            "state": {
              "type": "outline",
              "state": {
                "file": "Promotion API/Properties_Table_Promotion.md"
              }
            }
          },
          {
            "id": "31f5c877148e0fd2",
            "type": "leaf",
            "state": {
              "type": "advanced-tables-toolbar",
              "state": {}
            }
          },
          {
            "id": "e61e8c82a09397ee",
            "type": "leaf",
            "state": {
              "type": "git-view",
              "state": {}
            }
          }
        ],
        "currentTab": 4
      }
    ],
    "direction": "horizontal",
    "width": 300
  },
  "active": "615da10d45cd7034",
  "lastOpenFiles": [
    "2022-11-17.md",
    "2022-11-16.md",
    "2022-10-11.md",
    "2022-11-09.md",
    "Promotion API/Regular_Promotion.md",
    "Promotion API/Properties_Table_Promotion.md",
    "Promotion API/Promotion_Taxes.md",
    "Promotion API/Buy_Together.md",
    "Regular_Promotion.md.md",
    "Promotion API/More_for_Less.md"
  ]
}